1,"Dr. Jevon Stokes III",18145,2023-01-11T09:41:19.000000Z,2023-01-11T09:41:19.000000Z
2,"Vaughn Reinger DVM",71831,2023-01-11T09:41:19.000000Z,2023-01-11T09:41:19.000000Z
3,"Dr. Zachary Oberbrunner",75391,2023-01-11T09:41:20.000000Z,2023-01-11T09:41:20.000000Z
4,"Ernestina Medhurst",51563,2023-01-11T09:41:20.000000Z,2023-01-11T09:41:20.000000Z
5,"Helena Crona",82492,2023-01-11T09:41:21.000000Z,2023-01-11T09:41:21.000000Z
6,"Meagan Goodwin",38489,2023-01-11T09:41:21.000000Z,2023-01-11T09:41:21.000000Z
7,"Oliver Von",30425,2023-01-11T09:41:21.000000Z,2023-01-11T09:41:21.000000Z
8,"Nya Daniel Sr.",3962,2023-01-11T09:41:21.000000Z,2023-01-11T09:41:21.000000Z
9,"Michele Rohan",78004,2023-01-11T09:41:21.000000Z,2023-01-11T09:41:21.000000Z
10,"Mr. Nasir Conroy",62816,2023-01-11T09:41:21.000000Z,2023-01-11T09:41:21.000000Z
11,"Francis Dare Sr.",9121,2023-01-11T09:41:21.000000Z,2023-01-11T09:41:21.000000Z
12,"Jordi Lesch",86476,2023-01-11T09:41:21.000000Z,2023-01-11T09:41:21.000000Z
13,"Gilbert Feest",31194,2023-01-11T09:41:23.000000Z,2023-01-11T09:41:23.000000Z
14,"Leann Watsica",95929,2023-01-11T09:41:23.000000Z,2023-01-11T09:41:23.000000Z
15,"Mr. Griffin Toy MD",75149,2023-01-11T09:41:23.000000Z,2023-01-11T09:41:23.000000Z
16,"Prof. Olin Koepp II",24669,2023-01-11T09:41:23.000000Z,2023-01-11T09:41:23.000000Z
18,"Paige Towne",13451,2023-01-11T09:41:23.000000Z,2023-01-11T09:41:23.000000Z
19,"Nellie Kiehn",47808,2023-01-11T09:41:24.000000Z,2023-01-11T09:41:24.000000Z
20,"Gene Senger Sr.",74508,2023-01-11T09:41:24.000000Z,2023-01-11T09:41:24.000000Z
